[
    {
        "Namn": "Pannkakor",
        "Ingredienser": [
            "mjöl",
            "mjölk",
            "ägg"
        ],
        "Instruktioner": "Blanda alla ingredienser och stek.",
        "id": 1
    },
    {
        "Namn": "Köttbullar",
        "Ingredienser": [
            "köttfärs",
            "ströbröd",
            "ägg",
            "lök"
        ],
        "Instruktioner": "Blanda ingredienser och forma till bollar.",
        "id": 2
    },
    {
        "Namn": "Spaghetti Carbonara",
        "Ingredienser": [
            "spaghetti",
            "ägg",
            "parmesan",
            "bacon"
        ],
        "Instruktioner": "Koka spaghetti och blanda med stekt bacon, ägg och parmesan.",
        "id": 3
    },
    {
        "Namn": "Kycklinggryta",
        "Ingredienser": [
            "kycklingfilé",
            "grädde",
            "svamp",
            "lök",
            "paprika"
        ],
        "Instruktioner": "Stek kycklingen, tillsätt grönsaker och grädde och låt puttra.",
        "id": 4
    },
    {
        "Namn": "Chokladbollar",
        "Ingredienser": [
            "havregryn",
            "smör",
            "socker",
            "kakao",
            "kaffe"
        ],
        "Instruktioner": "Blanda alla ingredienser och forma till bollar. Rulla i kokos.",
        "id": 5
    },
    {
        "Namn": "Tacos",
        "Ingredienser": [
            "tacobröd",
            "köttfärs",
            "sallad",
            "ost",
            "salsa"
        ],
        "Instruktioner": "Fyll tacobröd med köttfärs och grönsaker. Servera med ost och salsa.",
        "id": 6
    },
    {
        "Namn": "Lasagne",
        "Ingredienser": [
            "lasagneplattor",
            "köttfärs",
            "tomatsås",
            "ostsås",
            "riven ost"
        ],
        "Instruktioner": "Varva lasagneplattor, köttfärs, tomatsås och ostsås i en form. Grädda i ugnen tills gyllenbrun.",
        "id": 7
    }
]